dc.publisher,dc.publisher[en],dc.contributor.author[],dc.date.issued[en_US],dc.contributor.author[en_US],dc.date.issued,dc.publisher[en_US],dc.identifier.uri,dc.identifier.doi,dc.identifier.uri[],dc.contributor.author,dc.title[en],dc.date.issued[],dc.identifier.doi[],dc.title[],collection,id,dc.title[en_US]
,,"Carderera de Diego, Alejandro",,,,,http://hdl.handle.net/1813/45096,,,,,2016-08-22,,Drop Electrohydrodynamics,1813/47,46248,
,,"Bhargava, Anuj",,,,,http://hdl.handle.net/1813/45099,,,,,2016-08-22,,X-Ray Absorption Spectroscopy Study Of Oxidation Of Iron Nanoparticles In Air,1813/47,46251,
,,"Cordero Aburto, Arkangel",,,,,http://hdl.handle.net/1813/45107,,,,,2016-08-22,,"Three Essays On The Effect Of Political Institutions, Violent Non-State Actors, And Dynamic Competitive Environments On Multinational Enterprise Entry Rates And Subsequent Performance",1813/47,46259,
,,"Zontini, Alessandro",,,,,http://hdl.handle.net/1813/45112,,,,,2016-08-22,,Characterization Of Fiber Fractions In Plant By-Products And Modeling Fiber Digestion With Application In Cncps 7.0,1813/47,46264,
,,"Srivastava, Abhishek",,,,,http://hdl.handle.net/1813/45121,,,,,2016-08-22,,Contact Mechanics Of Membranes: Theory And Applications,1813/47,46273,
,,"Darby, Bridget",,,,,http://hdl.handle.net/1813/45126,,,,,2016-08-22,,Microbial Activity In Deeper Mineral Soil Important For Nitrogen Cycling Across Successional Stand Age In A Northern Hardwood Forest,1813/47,46278,
,,"Johnson, Blair",,,,,http://hdl.handle.net/1813/45127,,,,,2016-08-22,,Turbulent Boundary Layers And Sediment Suspension Absent Mean Flow-Induced Shear,1813/47,46279,
,,"Scott, Benjamin",,,,,http://hdl.handle.net/1813/45130,,,,,2016-08-22,,Incorporation Of Dairy Farm Survey Data And Epidemiological Patterns For Agent-Based Simulation Modeling Of Dairy Herd Dynamics,1813/47,46282,
,,"Etter, Bonnie",,,,,http://hdl.handle.net/1813/45132,,,,,2016-08-22,,"Cataloguing In A Digital Age:

The Application Of Geographic Information Systems To Large-Scale Intra-Site Analysis Of Artifact Data At Gault, Texas",1813/47,46284,
,,"Medak-Seguin, Becquer",,,,,http://hdl.handle.net/1813/45133,,,,,2016-08-22,,"The Rebellious Atlantic: Aesthetics, Economics, And Labor In Nineteenth-Century Mexico",1813/47,46285,
,,"Yu, Chong",,,,,http://hdl.handle.net/1813/45143,,,,,2016-08-22,,"Wheat'S End: Feeding Industrialization, Fueling Lifestyle Changes, And Starving Agriculture",1813/47,46295,
,,"Long, Connor",,,,,http://hdl.handle.net/1813/45144,,,,,2016-08-22,,Towards Axion Inflation In String Theory,1813/47,46296,
,,"Joshi, Chinmaya",,,,,http://hdl.handle.net/1813/45150,,,,,2016-08-22,,Asc3I: Algorithm For Spatially Contiguous Color-Based Clustering Of Information,1813/47,46302,
,,"Jack, Caroline",,,,,http://hdl.handle.net/1813/45152,,,,,2016-08-22,,"How Facts Survive: Sponsored Economic Education Media And American Social Imaginaries, 1974-1986",1813/47,46304,
,,"Tan, Chenhao",,,,,http://hdl.handle.net/1813/45155,,,,,2016-08-22,,Computational Approaches To Understanding Human Behavior From Online Social Interactions: Language And Communities,1813/47,46307,
,,"Mason, Cedric",,,,,http://hdl.handle.net/1813/45159,,,,,2016-08-22,,Quantification And Characterization Of Measured Nitrous Oxide Emission From Perennial Grasses,1813/47,46311,
,,"Taylor, David",,,,,http://hdl.handle.net/1813/45164,,,,,2016-08-22,,"Dna Methylation: Cis, Trans, And Intergenerational",1813/47,46316,
,,"Puranam, Dinesh",,,,,http://hdl.handle.net/1813/45170,,,,,2016-08-22,,"Measuring And Analyzing “Voice”: Implications For Consumers, Managers And Regulators",1813/47,46322,
,,"Frederickson, Erin",,,,,http://hdl.handle.net/1813/45173,,,,,2016-08-22,,"Preservation Of Russian Orthodox Churches In The Cook Inlet Region, Alaska",1813/47,46325,
,,"Menzies, Erin",,,,,http://hdl.handle.net/1813/45179,,,,,2016-08-22,,A Limitation Of The Predictive Capacity Of The Swat Model: Modeling P Losses From Dairy Manure Spreading Schemes In Temperate Climates,1813/47,46331,
,,"Liu, Enhua",,,,,http://hdl.handle.net/1813/45181,,,,,2016-08-22,,Work Zone Cost Analysis Under Detour Settings In Lane Mile Level,1813/47,46333,
,,"Wu, Fei",,,,,http://hdl.handle.net/1813/45188,,,,,2016-08-22,,Characterizing The Inorganic/Organic Interface In Cancer Bone Metastasis,1813/47,46340,
,,"Park, Giyoung",,,,,http://hdl.handle.net/1813/45190,,,,,2016-08-22,,Eating (Alone) With Facebook: Millennials' Transition To College,1813/47,46342,
,,"Haile, Hanna",,,,,http://hdl.handle.net/1813/45191,,,,,2016-08-22,,Climate Change Induced Migration: Legal And Practical Challenges,1813/47,46343,
,,"Jayam, Harika",,,,,http://hdl.handle.net/1813/45193,,,,,2016-08-22,,Understanding The Tradeoff Betweeen Maximum Passenger Throughput And Airline Equity In Allocating Capacity Under Severe Weather Conditions,1813/47,46345,
,,"Wang, Haining",,,,,http://hdl.handle.net/1813/45198,,,,,2016-08-22,,Ultrafast Carrier And Phonon Dynamics In Layered Two-Dimensional Materials,1813/47,46350,
,,"Labutov, Igor",,,,,http://hdl.handle.net/1813/45200,,,,,2016-08-22,,Machine Learning Methods For Machine Teaching,1813/47,46352,
,,"Jung, Janelle",,,,,http://hdl.handle.net/1813/45213,,,,,2016-08-22,,Scientific Capacity Building: Enhancing Our Understanding Of Wild Rice Germplasm And Human Resource Development,1813/47,46365,
,,"McGlaughon, Jennifer",,,,,http://hdl.handle.net/1813/45218,,,,,2016-08-22,,"Investigating The Mechanisms By Which Two Drosophila Melanogaster Seminal Fluid Proteins, Sex Peptide And Ovulin, Elicit Post-Mating Responses In The Female",1813/47,46370,
,,"Rios, Jose",,,,,http://hdl.handle.net/1813/45220,,,,,2016-08-22,,Anionic Microgels Fabricated With A New Microemulsion Approach For The Encapsulation And Release Of Proteins And Higher Order Constructs,1813/47,46372,
,,"Sun, Jiayi",,,,,http://hdl.handle.net/1813/45227,,,,,2016-08-22,,Estimating Willingness To Pay For Investments In Resilience Using Binary And Ordered Logit Models,1813/47,46379,
,,"Engelbrecht, Joseph",,,,,http://hdl.handle.net/1813/45229,,,,,2016-08-22,,Boosting X-Ray Output With A Gas-Puff Based Plasma Opening Switch,1813/47,46381,
,,"Chong, Kenneth",,,,,http://hdl.handle.net/1813/45240,,,,,2016-08-22,,Models For Decision-Making And Performance Evaluation In Emergency Medical Service Systems,1813/47,46392,
,,"Hudson, Katherine",,,,,http://hdl.handle.net/1813/45241,,,,,2016-08-22,,Tissue Engineering Of The Intervertebral Disc Using Chemical And Mechanical Stimulation Of Mesenchymal Stem Cells,1813/47,46393,
,,"Tai, Kei Fung",,,,,http://hdl.handle.net/1813/45242,,,,,2016-08-22,,Two Papers On Transportation And Social Welfare,1813/47,46394,
,,"Watters, Kyle",,,,,http://hdl.handle.net/1813/45244,,,,,2016-08-22,,"Shape-Seq Technologies For Analyzing, Understanding, And Designing Rna Structures And Functions",1813/47,46396,
,,"Bevis, Leah",,,,,http://hdl.handle.net/1813/45259,,,,,2016-08-22,,"Tied To The Land: How Soils Drive Health, Investment, And Productivity In Rural Uganda",1813/47,46411,
,,"Teng, Lu",,,,,http://hdl.handle.net/1813/45265,,,,,2016-08-22,,Cognitive Penetrability And The Epistemological Significance Of Etiology,1813/47,46417,
,,"Vieira Di Marzo, Larissa",,,,,http://hdl.handle.net/1813/45267,,,,,2016-08-22,,The Prediction Of Milk Fat Globule Size Distribution Using Mid-Infrared,1813/47,46419,
,,"Choudoir, Mallory",,,,,http://hdl.handle.net/1813/45277,,,,,2016-08-22,,Population-Level Approaches To Elucidating The Evolutionary Forces Driving Streptomyces Biogeography,1813/47,46429,
,,"Minot, Mason",,,,,http://hdl.handle.net/1813/45280,,,,,2016-08-22,,"Unstructured, Structured, And Reduced Order Modeling Of Biological Systems",1813/47,46432,
,,"Pan, Mian",,,,,http://hdl.handle.net/1813/45284,,,,,2016-08-22,,Synthesis And Activation Of Mesoporous Carbons With Tunable Nitrogen Content For Supercapacitor Electrodes,1813/47,46436,
,,"Shi, MengYun",,,,,http://hdl.handle.net/1813/45289,,,,,2016-08-22,,Smart Dress Shoes With Automatically Adjustable Heel Height And Angle Of Shoes,1813/47,46441,
,,"Lam, Michael",,,,,http://hdl.handle.net/1813/45292,,,,,2016-08-22,,Characterization Of A Precision Pulsar Timing Gravitational Wave Detector,1813/47,46444,
,,"Allar, Neal",,,,,http://hdl.handle.net/1813/45296,,,,,2016-08-22,,"Poetry Of Relation: Edouard Glissant, French Modernism, And The Poetics Of Opacity",1813/47,46448,
,,"Li, Nan",,,,,http://hdl.handle.net/1813/45301,,,,,2016-08-22,,Tense In Mandarin Chinese: Form And Meaning,1813/47,46453,
,,"Stepp, Russell",,,,,http://hdl.handle.net/1813/45318,,,,,2016-08-22,,Physical And Social Space In Old Norse Myth And Saga,1813/47,46470,
,,"Zhao, Ranny",,,,,http://hdl.handle.net/1813/45333,,,,,2016-08-22,,Micromechanics Based Modeling Of The Deformation And Failure Of Al5083 Welded Plate With Minimal Fitting Parameters,1813/47,46485,
,,"Bobbili, Sai Vineeth",,,,,http://hdl.handle.net/1813/45342,,,,,2016-08-22,,All Atom Molecular Dynamics Study Of Solution Shearing On Polymer-Fullerene Solar Cells,1813/47,46494,
,,"Thompson, Stephen",,,,,http://hdl.handle.net/1813/45346,,,,,2016-08-22,,"Modernism From Text To Work: Personality, Poetic Development, And The Study Of Literature",1813/47,46498,
,,"McGee, Sean",,,,,http://hdl.handle.net/1813/45359,,,,,2016-08-22,,,1813/47,46511,
,,"Tang, Shaogeng",,,,,http://hdl.handle.net/1813/45360,,,,,2016-08-22,,Activation And Assembly Of Membrane Remodeling Escrt-Iii Machinery,1813/47,46512,
,,"Zhang, Shuo",,,,,http://hdl.handle.net/1813/45367,,,,,2016-08-22,,"Three Papers On Institution, Corporate Governance And International Expansion Of Chinese Firms",1813/47,46519,
,,"Partridge, Trevor",,,,,http://hdl.handle.net/1813/45371,,,,,2016-08-22,,Local Climate Change Perception: The Psychological Distance Of Climate Change Among Farmers In New York State,1813/47,46523,
,,"Denes, Thomas",,,,,http://hdl.handle.net/1813/45372,,,,,2016-08-22,,Phage Resistance In Listeria Monocytogenes: Genetic And Physiological Refuge,1813/47,46524,
,,"Soundararajan, Vidhya",,,,,http://hdl.handle.net/1813/45381,,,,,2016-08-22,,Essays On The Economics Of Labor Market Institutions And Political Economy,1813/47,46533,
,,"Charles, Wisler",,,,,http://hdl.handle.net/1813/45383,,,,,2016-08-22,,Cell-Intrinsic And Environmental Factors Altering The Neonatal Cd8+ T Cell Response To Mcmv In The Brain,1813/47,46535,
,,"Ji, Yanxin",,,,,http://hdl.handle.net/1813/45390,,,,,2016-08-22,,Growth And Etching Of Hexagonal Boron Nitride-Control Of Nucleation And Crystal Morphology,1813/47,46542,
,,"Wu, Yingying",,,,,http://hdl.handle.net/1813/45400,,,,,2016-08-22,,"A Cross-Cultural Study Of Ready-To-Wear Clothing In Relation To Women'S Body Image, Appearance Management Strategies, And Experience Of 3D Technology",1813/47,46552,
,,"Lin, Zhewang",,,,,http://hdl.handle.net/1813/45405,,,,,2016-08-22,,Functional Studies Of Three Genes Involved In Diphthamide Biosynthesis,1813/47,46557,
,,"Howlett, Zachary",,,,,http://hdl.handle.net/1813/45406,,,,,2016-08-22,,"Fateful Action: Hierarchy, Transformation, And Ideals Of Merit In China’S National College Entrance Examination",1813/47,46558,
,,"Tong, Zhen",,,,,http://hdl.handle.net/1813/45407,,,,,2016-08-22,,The Discovery Of Novel Enzymatic Activities And Activation Mechanism Of Sirt7,1813/47,46559,
,,"Anand, Abhishek",,,,,http://hdl.handle.net/1813/45093,,,,,2016-08-22,,Trust In Proof Assistants : Opportunities And Limitations,1813/47,46245,
,,"Agrawal, Akanksha",,,,,http://hdl.handle.net/1813/45094,,,,,2016-08-22,,"Rheology, Structure And Transport Properties Of Hybrid Hairy Nanoparticles And Their Applications",1813/47,46246,
,,"Beheshtian, Arash",,,,,http://hdl.handle.net/1813/45098,,,,,2016-08-22,,Planning Resilient Infrastructure,1813/47,46250,
,,"McClain, Amanda",,,,,http://hdl.handle.net/1813/45101,,,,,2016-08-22,,Contextual Influences On Household And Child Food Security Among Mexican-Origin Mothers Of Young Children,1813/47,46253,
,,"Tierno, Anthony",,,,,http://hdl.handle.net/1813/45103,,,,,2016-08-22,,Studies On Macrocyclic Peptides: Controlling Chemoselectivity In Efforts Toward The Total Synthesis Of Rubiyunnanin A.,1813/47,46255,
,,"Huckfeldt, Ana Felisa",,,,,http://hdl.handle.net/1813/45109,,,,,2016-08-22,,Dinosaur National Monument: One-Hundred Years Of Protecting An Anomalous Landscape,1813/47,46261,
,,"Simons, Andrew",,,,,http://hdl.handle.net/1813/45111,,,,,2016-08-22,,"Essays In Development Economics: Human Capital Accumulation, Social Protection, And Hawthorne Effects",1813/47,46263,
,,"Law, Aaron",,,,,http://hdl.handle.net/1813/45114,,,,,2016-08-22,,"Captive Liberators: Anti-Soviet Institutions, Polish Prometheism, And Ideas For The Liberation Of East-Central Europe",1813/47,46266,
,,"Barrett, Aliyah",,,,,http://hdl.handle.net/1813/45118,,,,,2016-08-22,,Water Structure At Tunable Surfaces,1813/47,46270,
,,"Waxman, Andrew",,,,,http://hdl.handle.net/1813/45120,,,,,2016-08-22,,Three Essays On The Urban Transportation Networks,1813/47,46272,
,,"Orcheski, Benjamin",,,,,http://hdl.handle.net/1813/45128,,,,,2016-08-22,,The Genetic And Biochemical Characterization Of Pale Green Lethal Disorder In Apple (Malus),1813/47,46280,
,,"Leahy, Brian",,,,,http://hdl.handle.net/1813/45129,,,,,2016-08-22,,Orientation Dynamics And Microscope Imaging Of Colloidal Suspensions,1813/47,46281,
,,"Cuddy, Brian",,,,,http://hdl.handle.net/1813/45131,,,,,2016-08-22,,"Wider War: American Force In Vietnam, International Law, And The Transformation Of Armed Conflict, 1961-1977",1813/47,46283,
,,"Valentino, Benjamin",,,,,http://hdl.handle.net/1813/45136,,,,,2016-08-22,,Application Of Insar To Salt Mine Subsidence,1813/47,46288,
,,"Weinberg, Bradley",,,,,http://hdl.handle.net/1813/45137,,,,,2016-08-22,,"Duration And Dissolution: Theory, Policy And Practice Concerning The Preservation Of Bargaining Relationships",1813/47,46289,
,,"Wang, Boya",,,,,http://hdl.handle.net/1813/45140,,,,,2016-08-22,,Impacts Of Vertical Restraints On Output: Evidence From China'S Tobacco Market,1813/47,46292,
,,"Gregg, Chelsea",,,,,http://hdl.handle.net/1813/45148,,,,,2016-08-22,,Characterization Of Nanoparticle Based Exogenous Soft Tissue Contrast And Prospectively Gated Image Analysis For Live In Vivo Micro-Computed Tomography Imaging Of Avian Morphogenesis,1813/47,46300,
,,"Koechli, Chantal",,,,,http://hdl.handle.net/1813/45149,,,,,2016-08-22,,Land Management Affects Microbial Community Composition And Function In Carbon Cycling,1813/47,46301,
,,"Simmons, Courtenay",,,,,http://hdl.handle.net/1813/45151,,,,,2016-08-22,,Preventing Foodborne Disease From Environmental Sources: From Retail And Processing Plants To K-12 Education,1813/47,46303,
,,"Wu, Chenxia",,,,,http://hdl.handle.net/1813/45158,,,,,2016-08-22,,Unsupervised Structured Learning Of Human Activities For Robot Perception,1813/47,46310,
,,"Lepore, Dante",,,,,http://hdl.handle.net/1813/45168,,,,,2016-08-22,,The Functional Significance Of Rab Phosphorylation,1813/47,46320,
,,"Oh, Da Yea",,,,,http://hdl.handle.net/1813/45169,,,,,2016-08-22,,The Welfare Economics Of Renewable Electricity Policies In California,1813/47,46321,
,,"Toure, Djeinam",,,,,http://hdl.handle.net/1813/45172,,,,,2016-08-22,,The Role Of Maternal Self-Efficacy In Complementary Feeding In The Uptake Of A Nutrition-Sensitive Agricultural Intervention In Zambia,1813/47,46324,
,,"Crate, Elizabeth",,,,,http://hdl.handle.net/1813/45174,,,,,2016-08-22,,Elucidating Roles For Ago Proteins In Male Mouse Meiosis,1813/47,46326,
,,"Johnson, Erin",,,,,http://hdl.handle.net/1813/45183,,,,,2016-08-22,,Olfactory Perceptual Learning: The Role Of Neurogenesis And Odor Experience In Shaping Odor Perception,1813/47,46335,
,,"Kwon, Enoch",,,,,http://hdl.handle.net/1813/45185,,,,,2016-08-22,,Putting The Pieces Together: Linking Toddler Spatial Vocabulary And Spatial Skill,1813/47,46337,
,,"Zhang, Fangyu",,,,,http://hdl.handle.net/1813/45189,,,,,2016-08-22,,Flow Induced Pattern Of Dna And Peptide In Microfluidics,1813/47,46341,
,,"Kim, Hyeik",,,,,http://hdl.handle.net/1813/45194,,,,,2016-08-22,,Momentum In The Corporate Bond Market: Evidence In Korea,1813/47,46346,
,,"Hensley, Ian",,,,,http://hdl.handle.net/1813/45199,,,,,2016-08-22,,The Principles And Elements Of Stoic Physics,1813/47,46351,
,,"Liebert, Jeffrey",,,,,http://hdl.handle.net/1813/45203,,,,,2016-08-22,,Developing The System: Cultural Practices To Enhance Weed Suppression And Profitability In Organic No-Till Planted Soybean,1813/47,46355,
,,"Smith, Jared",,,,,http://hdl.handle.net/1813/45207,,,,,2016-08-22,,Analytical And Geostatistical Heat Flow Modeling For Geothermal Resource Reconnaissance Applied In The Appalachian Basin,1813/47,46359,
,,"Katz, Joshua",,,,,http://hdl.handle.net/1813/45212,,,,,2016-08-22,,The Creativity Curse,1813/47,46364,
,,"Liu, Jin",,,,,http://hdl.handle.net/1813/45214,,,,,2016-08-22,,"Effects Of Cultural Differences In Visual Perception And Verbal Communication On Conversation Dynamics, Language Use And First Impression Formation During Video-Mediated Communication",1813/47,46366,
,,"Li, Jingwen",,,,,http://hdl.handle.net/1813/45217,,,,,2016-08-22,,Is Openness Associated With Growth?,1813/47,46369,
,,"Melfi Jr., James",,,,,http://hdl.handle.net/1813/45221,,,,,2016-08-22,,Flight Mechanics Of The Dragonfly,1813/47,46373,
,,"Stevenson, James",,,,,http://hdl.handle.net/1813/45224,,,,,2016-08-22,,All-Atom Modeling For Solution-Processed Solar Cell Materials,1813/47,46376,
,,"Pei, Jie",,,,,http://hdl.handle.net/1813/45226,,,,,2016-08-22,,Female Breast Shape Classification Based On Analysis Of Civilian American And European Surface Anthropometry Resource (Caesar) Data,1813/47,46378,
,,"Park, Joon",,,,,http://hdl.handle.net/1813/45228,,,,,2016-08-22,,Mining And Evaluating Argumentative Structures In User Comments In Erulemaking,1813/47,46380,
,,"Klinger, Jesse",,,,,http://hdl.handle.net/1813/45230,,,,,2016-08-22,,Employment Arbitration In The 21St Century: A Look At Jams,1813/47,46382,
,,"Yao, Jixuan",,,,,http://hdl.handle.net/1813/45231,,,,,2016-08-22,,Testing Implied Volatility Discovery Period Length Assumptions In The Federal Crop Insurance Program,1813/47,46383,
,,"Zsiros, Janos",,,,,http://hdl.handle.net/1813/45233,,,,,2016-08-22,,Essays In Behavioral Economics,1813/47,46385,
,,"Tancos, Kiersten",,,,,http://hdl.handle.net/1813/45237,,,,,2016-08-22,,Streptomycin Resistant Erwinia Amylovora In New York And Implications On Fire Blight Management In Apple Orchards,1813/47,46389,
,,"Lee, Kyungmin",,,,,http://hdl.handle.net/1813/45248,,,,,2016-08-22,,Theoretical Studies On Electronic Spectra Of Heterogeneous Unconventional Superconductors,1813/47,46400,
,,"Whitham, Kevin",,,,,http://hdl.handle.net/1813/45255,,,,,2016-08-22,,Structure And Electronic Properties Of Lead-Selenide Nanocrystal Solids,1813/47,46407,
,,"Albert, Kyle",,,,,http://hdl.handle.net/1813/45256,,,,,2016-08-22,,Why Certify? Examining The Consequences Of Occupational Certification For Individuals And Professional Associations,1813/47,46408,
,,"Lao, Lihong",,,,,http://hdl.handle.net/1813/45261,,,,,2016-08-22,,Design Of Tough Hydrogel Lumens For Simulating Arterial Plaque,1813/47,46413,
,,"Briggs, Lilly",,,,,http://hdl.handle.net/1813/45263,,,,,2016-08-22,,"Sense Of Place And Environmental Stewardship Among Young Q'Eqchi' Maya Women Of Alta Verapaz, Guatemala",1813/47,46415,
,,"Shi, Lan",,,,,http://hdl.handle.net/1813/45264,,,,,2016-08-22,,The Optimal Speeds Of Ocean-Going Containerships With Vessel Emissions Reduction Balanced With Cost Minimization For Ocean Carriers,1813/47,46416,
,,"Tertrain, Leo",,,,,http://hdl.handle.net/1813/45266,,,,,2016-08-22,,"AuréLia, Or The Virtual'S Melancholias: Nerval, Deleuze And The Representations Of The Cosmos In Xixth Century Literature",1813/47,46418,
,,"Rahman, Muhammad",,,,,http://hdl.handle.net/1813/45281,,,,,2016-08-22,,"Protein-Based Green Resins And Nanocomposites
From Waste Residues",1813/47,46433,
,,"Tancos, Matthew",,,,,http://hdl.handle.net/1813/45290,,,,,2016-08-22,,Population Diversity And In Planta Movement Of Clavibacter Michiganensis Subsp. Michiganensis,1813/47,46442,
,,"Tallapragada, Meghnaa",,,,,http://hdl.handle.net/1813/45291,,,,,2016-08-22,,"Activists, Learning And Relating To The Controversial Technology Of Hydraulic Fracturing",1813/47,46443,
,,"Nguyen, Mytien",,,,,http://hdl.handle.net/1813/45293,,,,,2016-08-22,,Beyond Energy Saving: The Effect Of Weatherization On The Microbiology Of The Residential Built Environment In Upstate New York,1813/47,46445,
,,"Wilkes, Marcus",,,,,http://hdl.handle.net/1813/45294,,,,,2016-08-22,,"Rbl-2H3 Mast Cells As A Model System For Studying Receptor-Stimulated Ca2+ Oscillations,
Phosphoinositide Synthesis, And Activities Disrupted By Alpha-Synuclein",1813/47,46446,
,,"Hill, Nicole",,,,,http://hdl.handle.net/1813/45297,,,,,2016-08-22,,When Streams Sigh: Hydrological And Biophysical Controls On Oxygen And Carbon Dioxide Dynamics In Lotic Ecosystems,1813/47,46449,
,,"Sener, Ozan",,,,,http://hdl.handle.net/1813/45306,,,,,2016-08-22,,Learning From Large-Scale Visual Data For Robots,1813/47,46458,
,,"Aramsangtienchai, Pornpun",,,,,http://hdl.handle.net/1813/45307,,,,,2016-08-22,,Characterization Of S-Palmitoylation Of Junctional Adhesion Molecule C And Investigation Of The Lysine Defatty-Acylase Activity Of Hdac8,1813/47,46459,
,,"Chang, Pamara",,,,,http://hdl.handle.net/1813/45309,,,,,2016-08-22,,"The Management Of Stigma With Social Support Interactions And Information And Communication Technology, In The Context Of Invisible Disabilities",1813/47,46461,
,,"Coots, Ryan",,,,,http://hdl.handle.net/1813/45315,,,,,2016-08-22,,Evaluation Of Mrna Translation Initiation Control Mechanisms Under Cellular Stress Conditions,1813/47,46467,
,,"Hasbun, Rodrigo",,,,,http://hdl.handle.net/1813/45316,,,,,2016-08-22,,"A Reluctant Genre: The Limits Of The Literary And The Quotidian In Three Contemporary Latin American Diaries [Ribeyro, Walsh, Milla´N]",1813/47,46468,
,,"Wakabayashi, Ryo",,,,,http://hdl.handle.net/1813/45323,,,,,2016-08-22,,Transition Metal (Oxy)Nitrides And Oxides For Energy Materials,1813/47,46475,
,,"Kinoshita, Rintaro",,,,,http://hdl.handle.net/1813/45324,,,,,2016-08-22,,New Approaches To Determine Relationships Between Spatio-Temporally Variable Crop Yields And Root Zone Soil Information,1813/47,46476,
,,"Le Bras, Ronan",,,,,http://hdl.handle.net/1813/45325,,,,,2016-08-22,,Leveraging Human Insights Into Problem Structure For Scientific Discovery,1813/47,46477,
,,"Behler, Rachel",,,,,http://hdl.handle.net/1813/45326,,,,,2016-08-22,,Layered Network Contexts And Hiv Risk,1813/47,46478,
,,"Mangal, Rahul",,,,,http://hdl.handle.net/1813/45327,,,,,2016-08-22,,The Structure And Dynamics Of Nanoparticle Polymer Composites,1813/47,46479,
,,"Pathak, Rahul",,,,,http://hdl.handle.net/1813/45332,,,,,2016-08-22,,Utilizing Chemiresistive Sensor Array For Trace Detection Of Volatile Organic Compounds In Sub-Ppm Ranges,1813/47,46484,
,,"Harbert, Robert",,,,,http://hdl.handle.net/1813/45335,,,,,2016-08-22,,The Intersection Of Climate And Niche: Likelihood Estimation Of Modern And Past Climate Using Plant Biodiversity,1813/47,46487,
,,"Hsu, Rohaine",,,,,http://hdl.handle.net/1813/45338,,,,,2016-08-22,,Automatic Generation Of Biological Pathway Models In The Swift Programming Language,1813/47,46490,
,,"Fear, Sean",,,,,http://hdl.handle.net/1813/45340,,,,,2016-08-22,,"The Rise And Fall Of The Second Republic: Domestic Politics And Civil Society In U.S.-South Vietnamese Relations, 1967-1971",1813/47,46492,
,,"Hou, Shule",,,,,http://hdl.handle.net/1813/45352,,,,,2016-08-22,,An Alternative Method To Design Post-Frame Buildings Without Testing Roof Diaphragm,1813/47,46504,
,,"Kananizadeh, Sogol",,,,,http://hdl.handle.net/1813/45353,,,,,2016-08-22,,Analysis Of Hybrid-Electric Market Penetration In The United States: What Went Wrong?,1813/47,46505,
,,"Li, Sha",,,,,http://hdl.handle.net/1813/45354,,,,,2016-08-22,,Distal-Less 3 Acts As A Glial Cell Missing-1 Repressor In Regulating Placental Growth Factor Expression In Human Trophoblast Cells,1813/47,46506,
,,"Li, Shuo",,,,,http://hdl.handle.net/1813/45355,,,,,2016-08-22,,Highly Stretchable Electroluminescent Skin For Optical Signaling And Tactile Sensing,1813/47,46507,
,,"Joshi, Sumedh",,,,,http://hdl.handle.net/1813/45357,,,,,2016-08-22,,Develop Of Fast High-Order Numerical Methods For High Reynolds Number Environmental Flows.,1813/47,46509,
,,"Pisano, Steven",,,,,http://hdl.handle.net/1813/45358,,,,,2016-08-22,,"Delineation Of Longevity-Regulating Factors In C. Elegans Mitochondrial Mutants
Delineation Of Longevity-Regulating Factors In C. Elegans Mitochondrial Mutants",1813/47,46510,
,,"Hilton, Sheena",,,,,http://hdl.handle.net/1813/45361,,,,,2016-08-22,,Environmental Related Factors That Influence Pulsed Light Inactivation Of Bacteria,1813/47,46513,
,,"Unal, Sinem",,,,,http://hdl.handle.net/1813/45362,,,,,2016-08-22,,Rate Distortion Approach To Broadcasting With Side Information,1813/47,46514,
,,"Wang, Shuning",,,,,http://hdl.handle.net/1813/45363,,,,,2016-08-22,,High-Speed Railroad And Urbanization Policy In China,1813/47,46515,
,,"Wang, Sijia",,,,,http://hdl.handle.net/1813/45364,,,,,2016-08-22,,Discrete Heterogeneity In The Willingness To Pay To Increase Driving Range Of Battery Electric Vehicles,1813/47,46516,
,,"Agrawal, Tara",,,,,http://hdl.handle.net/1813/45368,,,,,2016-08-22,,Working Moms Feeding Kids: Social Ecological Influences On Low-Income Working Mothers’ Child Feeding Practices,1813/47,46520,
,,"Banda, Tinenenji",,,,,http://hdl.handle.net/1813/45369,,,,,2016-08-22,,Knowledge Asymmetry And Agency Costs: Zambia’S Copper Mining Regulatory Framework,1813/47,46521,
,,"McGavock, Tamara",,,,,http://hdl.handle.net/1813/45374,,,,,2016-08-22,,Essays On Education And The Family,1813/47,46526,
,,"Goldbach, Toby",,,,,http://hdl.handle.net/1813/45378,,,,,2016-08-22,,"Rethinking The Judicial Function: Law Reform, Politics, And Legal Instrumentalism In Contemporary Judicial Activity",1813/47,46530,
,,"Lambert, Victor",,,,,http://hdl.handle.net/1813/45380,,,,,2016-08-22,,Hierarchal Structures Of Silicon And Germanium Nanowires For Lithium Ion Batteries,1813/47,46532,
,,"Dai, Wei",,,,,http://hdl.handle.net/1813/45384,,,,,2016-08-22,,Developing Novel Computational Toolkits For Modeling And Analysis Of Biochemical Networks,1813/47,46536,
,,"Fu, Yu",,,,,http://hdl.handle.net/1813/45389,,,,,2016-08-22,,"Soft Touch-Induced Affective Conditioning That Underlies Human Social Bonding Is Modulated By Genetic Variation In The Mu-Opioid (Oprm1 A118G), But Not Oxytocin (Rs53576), Receptor",1813/47,46541,
,,"Liu, Yanning",,,,,http://hdl.handle.net/1813/45391,,,,,2016-08-22,,Statistical Issues In The Design And Analysis Of Clinical Trials,1813/47,46543,
,,"Liu, Yi",,,,,http://hdl.handle.net/1813/45394,,,,,2016-08-22,,Genome Maintenance Through Topbp1 In Yeast And Mammals,1813/47,46546,
,,"Wang, Yunsheng",,,,,http://hdl.handle.net/1813/45401,,,,,2016-08-22,,Designing A Microfluidic System: Channel Fabrication And Flow Delivery,1813/47,46553,
,,"Wan, Yu",,,,,http://hdl.handle.net/1813/45402,,,,,2016-08-22,,Optimizing Supply Chain Design With Green Considerations,1813/47,46554,
,,"Zhai, Yubo",,,,,http://hdl.handle.net/1813/45403,,,,,2016-08-22,,Size-Controlled Synthesis Of Carbon Nanodots,1813/47,46555,
,,"Zeng, Zhaoyu",,,,,http://hdl.handle.net/1813/45408,,,,,2016-08-22,,An Empirical Analysis Of China’S Electricity Sector Reform And Efficiency,1813/47,46560,
,,"Bennett, Alexandra",,,,,http://hdl.handle.net/1813/45095,,,,,2016-08-22,,Anthocyanin Content And Diversity In Crucifer Vegetables,1813/47,46247,
,,"Horakova, Anna",,,,,http://hdl.handle.net/1813/45104,,,,,2016-08-22,,"Mimicry As Critique: New Perspectives On The Prenzlauer Berg, Avantgarde Aesthetics, And Communist Cultures Of Dissidence",1813/47,46256,
,,"Nwana, Amandianeze",,,,,http://hdl.handle.net/1813/45115,,,,,2016-08-22,,Exploiting Latent User Behavior In Social Media Prediction,1813/47,46267,
,,"Van Wassen, Abigail",,,,,http://hdl.handle.net/1813/45119,,,,,2016-08-22,,Search And Discovery: High Throughput Methods For Fuel Cell Materials,1813/47,46271,
,,"Song, Anqi",,,,,http://hdl.handle.net/1813/45122,,,,,2016-08-22,,The Surface Chemistry Of Rutile In Technologically Relevant Environments,1813/47,46274,
,,"Singh, Avtar",,,,,http://hdl.handle.net/1813/45123,,,,,2016-08-22,,"Optical Methods For Deep-Tissue Imaging, Precise Mapping Of Cellular Topography And Single-Molecule Stoichiometry Analysis",1813/47,46275,
,,"Cash, Brian",,,,,http://hdl.handle.net/1813/45135,,,,,2016-08-22,,"Self-Identifications, Sexual Development, And Wellbeing In Minor-Attracted People: An Exploratory Study",1813/47,46287,
,,"Whealton, Calvin",,,,,http://hdl.handle.net/1813/45142,,,,,2016-08-22,,"Statistical Data Analysis, Global Sensitivity Analysis, And Uncertainty Propagation Applied To Evaluating Geothermal Energy In The Appalachian Basin",1813/47,46294,
,,"Hsieh, Ching-Lin",,,,,http://hdl.handle.net/1813/45145,,,,,2016-08-22,,Molecular Characterization Of The Interactions Of Leptospira Immunoglobulin-Like Protein B (Ligb) And Host Extracellular Matrices,1813/47,46297,
,,"Radostitz, Casey",,,,,http://hdl.handle.net/1813/45147,,,,,2016-08-22,,Locating Attitudes: Institutional Context And African American Immigration Opinion,1813/47,46299,
,,"Tang, Christopher",,,,,http://hdl.handle.net/1813/45154,,,,,2016-08-22,,"Homeland In The Heart, Eyes On The World: Domestic Internationalism, Popular Mobilization, And The Making Of China'S Cultural Revolution, 1962-68",1813/47,46306,
,,"Fleischman, Daniel",,,,,http://hdl.handle.net/1813/45162,,,,,2016-08-22,,Computational Approaches For Hard Discrete Optimization Problems,1813/47,46314,
,,"Gelbgiser, Dafna",,,,,http://hdl.handle.net/1813/45163,,,,,2016-08-22,,The Expansion Of For-Profit Colleges In The 21St Century And Its Implications For Social Inequality,1813/47,46315,
,,"Lee, Daniel",,,,,http://hdl.handle.net/1813/45165,,,,,2016-08-22,,Environmental Estimation And Smoothing Algorithms For Dynamic And Modular Robots,1813/47,46317,
,,"Patil, Darshan",,,,,http://hdl.handle.net/1813/45171,,,,,2016-08-22,,Primary Economic Benefits And The Additional Pavement Damage Caused By Increased Truck Weights,1813/47,46323,
,,"Buerman, Elizabeth",,,,,http://hdl.handle.net/1813/45175,,,,,2016-08-22,,Thermal Inactivation And The Effect Of Preservatives On The Survival Of Osmophilic Fungi In A Low Water Activity Model Confectionery Food,1813/47,46327,
,,"Da Via, Elisa",,,,,http://hdl.handle.net/1813/45177,,,,,2016-08-22,,Seeds Of Autonomy: Agro-Ecology And Peasant Politics In Southern Europe,1813/47,46329,
,,"Bonnevie, Edward",,,,,http://hdl.handle.net/1813/45178,,,,,2016-08-22,,"The Tribology Of Cartilaginous Tissue: Lubrication In Health, Degeneration, And Treatment",1813/47,46330,
,,"Ball, Erick",,,,,http://hdl.handle.net/1813/45180,,,,,2016-08-22,,Novel Methods In Meso-Scale And Nano-Scale Actuation,1813/47,46332,
,,"Fox, Elizabeth",,,,,http://hdl.handle.net/1813/45182,,,,,2016-08-22,,Breast Practices: An Exploration Of Intra-Cultural Variation In Mothers' Perceptions About Infant Feeding Recommendations In The Context Of Hiv,1813/47,46334,
,,"Meyer, Heather",,,,,http://hdl.handle.net/1813/45196,,,,,2016-08-22,,The Role Of Variability In Generating Giant Cell Patterning In The Arabidopsis Sepal,1813/47,46348,
,,"Cleek, Jordan",,,,,http://hdl.handle.net/1813/45202,,,,,2016-08-22,,Cheekwood: A Comprehensive Study Of An American Country Era Estate And Its Preservation,1813/47,46354,
,,"Usack, Joseph",,,,,http://hdl.handle.net/1813/45209,,,,,2016-08-22,,An Evaluation Of The Barriers To Anaerobic Digestion Technology Implementation For Energy Production And Waste Stabilization On Dairy Farms,1813/47,46361,
,,"Ha, Jongrim",,,,,http://hdl.handle.net/1813/45210,,,,,2016-08-22,,"Essays On Financial Integration, Financial Market Dependence, And Monetary Policy Transmission",1813/47,46362,
,,"Lee, Jae Eun",,,,,http://hdl.handle.net/1813/45216,,,,,2016-08-22,,The Antecedents And Consequences Of Alternative Staffing Strategies,1813/47,46368,
,,"Neo, Jun Rong Jeffrey",,,,,http://hdl.handle.net/1813/45225,,,,,2016-08-22,,The Impact Of Building And Facility Interior Design On Hand Hygiene Compliance Among Occupants In Healthcare Environments,1813/47,46377,
,,"Andrews, Kaitlin",,,,,http://hdl.handle.net/1813/45235,,,,,2016-08-22,,"Effect Of Supplementing The Non-Nutrient, Non-Immunoglobulin Fraction Of Colostrum To Dairy Calves",1813/47,46387,
,,"Alexander, Katherine",,,,,http://hdl.handle.net/1813/45236,,,,,2016-08-22,,Regulation Of Genomic Imprinting During Mouse Embryonic Development,1813/47,46388,
,,"Hook, Kristin",,,,,http://hdl.handle.net/1813/45238,,,,,2016-08-22,,The Causes And Consequences Of Female Multi-Male Mating In The Seed Beetle,1813/47,46390,
,,"Roach, Kathryn",,,,,http://hdl.handle.net/1813/45243,,,,,2016-08-22,,Millisecond Crystallization Kinetics Of Ingao3(Zno)M,1813/47,46395,
,,"Mazor, Kevin",,,,,http://hdl.handle.net/1813/45249,,,,,2016-08-22,,The Effects Of Single Amino Acid Deprivation On Translation And The Integrated Stress Response,1813/47,46401,
,,"Heinselman, Karen",,,,,http://hdl.handle.net/1813/45250,,,,,2016-08-22,,Hot-Wall Low Pressure Chemical Vapor Deposition Growth And Characterization Of Gan And Epitaxial Aln On Si (111),1813/47,46402,
,,"Shi, Kaihang",,,,,http://hdl.handle.net/1813/45253,,,,,2016-08-22,,The Health Impact Of Air Pollution In China: Evidence From Emergency Admissions,1813/47,46405,
,,"Lamberson, Lisa",,,,,http://hdl.handle.net/1813/45258,,,,,2016-08-22,,"Influence Of Atomic Structure On Plastic Deformation In Tectosilicate Calcium-Aluminosilicate, Magnesium-Aluminosilicate, And Calcium-Galliosilicate Glasses",1813/47,46410,
,,"McPhillips, Lauren",,,,,http://hdl.handle.net/1813/45260,,,,,2016-08-22,,"Nutrient Cycling Hotspots In Suburban Watersheds: Stormwater Detention Basins, Grassed Road Ditches, And Lawns",1813/47,46412,
,,"Tupper, Laura",,,,,http://hdl.handle.net/1813/45262,,,,,2016-08-22,,Topics In Classification And Clustering Of High-Dimensional Data,1813/47,46414,
,,"Zhu, Linyuan",,,,,http://hdl.handle.net/1813/45269,,,,,2016-08-22,,Development Of Salinity-Stable Magnetic Iron Oxide Nanoparticles,1813/47,46421,
,,"Walsman, Matthew",,,,,http://hdl.handle.net/1813/45271,,,,,2016-08-22,,Essays On Decision Making In Service Operations Management,1813/47,46423,
,,"Jones, Michael",,,,,http://hdl.handle.net/1813/45274,,,,,2016-08-22,,The Impact Of Confusion On Hi Surveys And The Environmental Dependence Of The Hi Galaxy Population In The Alfalfa Survey,1813/47,46426,
,,"Jhalaria, Mayank",,,,,http://hdl.handle.net/1813/45275,,,,,2016-08-22,,Liquid-Liquid Systems In A Continuous Taylor-Couette Reactor: Understanding Transitions And Use In Applications,1813/47,46427,
,,"Chung, Madison",,,,,http://hdl.handle.net/1813/45276,,,,,2016-08-22,,Theory Studies: Archetypical Studies In Contemporary Destination Resort Design,1813/47,46428,
,,"Platov, Michael",,,,,http://hdl.handle.net/1813/45283,,,,,2016-08-22,,Elucidating The Role Of Trim44 In Cancer Through Rna Sequencing Analysis Of Preserved Canine Brain Tissue,1813/47,46435,
,,"Rigo, Mate",,,,,http://hdl.handle.net/1813/45285,,,,,2016-08-22,,Imperial Elites After The Fall Of Empires: Business Elites And States In Europe'S East And West 1867-1918,1813/47,46437,
,,"Chang, Matthew",,,,,http://hdl.handle.net/1813/45286,,,,,2016-08-22,,Development Of A Tat Enabled Antibody Selection Platform Within The Cytoplasm Of Escherichia Coli,1813/47,46438,
,,"Kruer-Zerhusen, Nathan",,,,,http://hdl.handle.net/1813/45300,,,,,2016-08-22,,Studies Of Thermobifida Fusca Lytic Polysaccharide Monooxygenases Aa10A And Aa10B For Cleavage Of Recalcitrant Cellulose,1813/47,46452,
,,"Rey-Le Lorier, Nicolas",,,,,http://hdl.handle.net/1813/45302,,,,,2016-08-22,,"Naturalness, Monopoles, And Dark Matter",1813/47,46454,
,,"Sengar, Nikita",,,,,http://hdl.handle.net/1813/45304,,,,,2016-08-22,,Molecular Simulation Of All-Organic Semiconductor Systems,1813/47,46456,
,,"Moore, Ozias",,,,,http://hdl.handle.net/1813/45305,,,,,2016-08-22,,"An Examination Of The Team-Level Effects Of Multiple Team Membership On Team Processes And Outcomes: Assessing The Mediating Role Of Team Process And The Moderated Mediated Role Of Team Member Overlap, Task Resemblance, And Project Team Characteristics",1813/47,46457,
,,"Fong, Pok Wai",,,,,http://hdl.handle.net/1813/45308,,,,,2016-08-22,,"Smoothness Properties Of Symbols, CalderóN Commutators And Generalizations",1813/47,46460,
,,"Sundararajan, Pavithra",,,,,http://hdl.handle.net/1813/45310,,,,,2016-08-22,,Study Of Convective Diffusive Irreversibility In Reversing Chaotic And Non-Chaotic Stokes Flows,1813/47,46462,
,,"Xu, Qinwen",,,,,http://hdl.handle.net/1813/45313,,,,,2016-08-22,,Evaluation Of Impact Of Pointe Shoes Wearing On Ballerinas' Foot Comfort,1813/47,46465,
,,"Zhao, Qingyuan",,,,,http://hdl.handle.net/1813/45314,,,,,2016-08-22,,Monte Carlo Simulation Of A Flexible Discrete Choice Model And An Application To Hurricane Insurance Purchase Decision-Making,1813/47,46466,
,,"Schwenke, Robin",,,,,http://hdl.handle.net/1813/45319,,,,,2016-08-22,,Immunological Consequences Of Mating And Reproductive Status In Female Drosophila Melanogaster,1813/47,46471,
,,"Edwards, Ryan",,,,,http://hdl.handle.net/1813/45320,,,,,2016-08-22,,"A Carceral Ecology: Penology, Forestry, Exploration, And Conservation In Southernmost Argentina",1813/47,46472,
,,"Brunner, Rebecca",,,,,http://hdl.handle.net/1813/45328,,,,,2016-08-22,,Resilience-Based Spatial Prioritization Of Tropical Fauna,1813/47,46480,
,,"Sosa, Roselby",,,,,http://hdl.handle.net/1813/45330,,,,,2016-08-22,,Homebound Healthcare: The Causes Of Occupational Injuries Among Domestic Home Health Aides In New York City,1813/47,46482,
,,"Wei, Ran",,,,,http://hdl.handle.net/1813/45339,,,,,2016-08-22,,Synthetic Gauge Fields In Degenerate Quantum Gases,1813/47,46491,
,,"Bell, Sean Cameron",,,,,http://hdl.handle.net/1813/45344,,,,,2016-08-22,,Understanding Visual Appearance On The Web Using Large-Scale Crowdsourcing And Deep Learning,1813/47,46496,
,,"Hilz, Stephanie Renee",,,,,http://hdl.handle.net/1813/45350,,,,,2016-08-22,,Elucidating Roles For Ago-Associated Small Rnas In Male Mammalian Meiosis Using Integrative Transcriptome Profiling.,1813/47,46502,
,,"Martin, Stephanie",,,,,http://hdl.handle.net/1813/45356,,,,,2016-08-22,,"Social Support And Adherence To
Antenatal Micronutrient Supplements",1813/47,46508,
,,"Fessenden, Samuel",,,,,http://hdl.handle.net/1813/45365,,,,,2016-08-22,,Amino Acid Supply In Lactating Dairy Cattle,1813/47,46517,
,,"McCune, Thomas",,,,,http://hdl.handle.net/1813/45373,,,,,2016-08-22,,Hierarchically Porous Structures For High Surface Area Applications,1813/47,46525,
,,"Yi, Wenqi",,,,,http://hdl.handle.net/1813/45386,,,,,2016-08-22,,Optimization Of The Issuance Of Evacuation Orders Under Evolving Hurricane Conditions,1813/47,46538,
,,"Jiang, Xue",,,,,http://hdl.handle.net/1813/45388,,,,,2016-08-22,,Anti-Breast Cancer Activities Of 2A-Hydroxyursolic Acid: Potential Mechanisms Of Action,1813/47,46540,
,,"Ling, Yuhan",,,,,http://hdl.handle.net/1813/45392,,,,,2016-08-22,,Characterization Of A Novel ß-Cyclodextrin Polymer For The Removal Of Organic Micropollutants From Aqueous Solution,1813/47,46544,
,,"Liu, Yao",,,,,http://hdl.handle.net/1813/45393,,,,,2016-08-22,,Riesz Distributions Assiciated To Dunkl Operators,1813/47,46545,
,,"Liu, Yi-Ching",,,,,http://hdl.handle.net/1813/45395,,,,,2016-08-22,,Peer Responses To The Bad Apple In Project Teams: From Attribution To Communication,1813/47,46547,
,,"Ou, Yiqi",,,,,http://hdl.handle.net/1813/45397,,,,,2016-08-22,,Modelling Interprovincial Migration In China: The Correlation Between Immigration And Cities’ Economy Development,1813/47,46549,
,,"Bhattacharya, Ayan",,,,,http://hdl.handle.net/1813/45097,,,,,2016-08-22,,Essays On Financial Market Design,1813/47,46249,
,,"Belmaker, Amos",,,,,http://hdl.handle.net/1813/45100,,,,,2016-08-22,,The Role Of Telomere Length In Tree Swallow Behavior And Life History,1813/47,46252,
,,"Bohn, Andrew",,,,,http://hdl.handle.net/1813/45102,,,,,2016-08-22,,Toroidal Event Horizons And Other Relativistic Ray Tracing Adventures,1813/47,46254,
,,"Fotopoulos, Annetta",,,,,http://hdl.handle.net/1813/45105,,,,,2016-08-22,,Sites As Media Of Memory: A Cultural Memory Approach To Heritage Sites In Contemporary China,1813/47,46257,
,,"Mahadevan, Aparna",,,,,http://hdl.handle.net/1813/45106,,,,,2016-08-22,,The Left-Right Pitx2 Pathway Coordinates Gut Morphogenesis With Organ-Specific Arterial And Lymphatic Development,1813/47,46258,
,,"Forsman, Anna",,,,,http://hdl.handle.net/1813/45108,,,,,2016-08-22,,Unraveling The Nest Microbiome: Characterizing Avian-Associated Bacterial Communities And Their Influences On Host Transgenerational Immune Investment,1813/47,46260,
,,"Park, Albert",,,,,http://hdl.handle.net/1813/45110,,,,,2016-08-22,,Fabrication And Characterization Of Spin Hall Nanowire With Constricted Geometry,1813/47,46262,
,,"Nurmukhanov, Aibar",,,,,http://hdl.handle.net/1813/45113,,,,,2016-08-22,,"Generalized Microfluidic Immunosensor Device For
Antibody Detection",1813/47,46265,
,,"Curley, Andrew",,,,,http://hdl.handle.net/1813/45116,,,,,2016-08-22,,"T’Aa Hwo Aji’ T’Eego: Sovereignty, Livelihood, And Challenging Coal In The Navajo Nation",1813/47,46268,
,,"Kestenbaum, Ari",,,,,http://hdl.handle.net/1813/45117,,,,,2016-08-22,,"Dislocation Modeling Of Orientation Gradients In Phase-Transformed
Tantalum Thin Films",1813/47,46269,
,,"Viggiano, Andrea",,,,,http://hdl.handle.net/1813/45124,,,,,2016-08-22,,Accommodating Moral Explanations: Why It'S Harder Than You Might Think,1813/47,46276,
,,"Palmer, Aaron",,,,,http://hdl.handle.net/1813/45125,,,,,2016-08-22,,Incompressibility And Global Injectivity In Second-Gradient Non-Linear Elasticity,1813/47,46277,
,,"Cooper, Bailey",,,,,http://hdl.handle.net/1813/45134,,,,,2016-08-22,,"Design, Synthesis And Evaluation Of A Combinatorial Library Of Polymers As Potential Vectors For The Advancement Of Research In Nucleic Acid Delivery",1813/47,46286,
,,"Song, Bo",,,,,http://hdl.handle.net/1813/45138,,,,,2016-08-22,,Advanced Gan Devices And Technology For Rf And Power Switching Applications,1813/47,46290,
,,"Kreger, Bridget",,,,,http://hdl.handle.net/1813/45139,,,,,2016-08-22,,Extracellular Vesicles And Their Role In Cancer Progression And Therapy Resistance,1813/47,46291,
,,"Stalnecker, Clint",,,,,http://hdl.handle.net/1813/45141,,,,,2016-08-22,,Targeting Altered Cancer Cell Metabolism: Mitochondrial Glutaminase Regulation And Inhibition By Small Molecules,1813/47,46293,
,,"Hervert, Clinton",,,,,http://hdl.handle.net/1813/45146,,,,,2016-08-22,,"The Use Of Coliforms, Enterobacteriaceae, And Gram-Negative Organisms As Microbial Hygiene Indicators In The Dairy Industry",1813/47,46298,
,,"Moskell, Christine",,,,,http://hdl.handle.net/1813/45153,,,,,2016-08-22,,Mixed-Methods Investigations Of Community Engagement In Urban Environmental Stewardship,1813/47,46305,
,,"Wu, Chenxi",,,,,http://hdl.handle.net/1813/45156,,,,,2016-08-22,,"Translation Surfaces: Saddle Connections, Triangles And Covering Constructions",1813/47,46308,
,,"Wang, Chen",,,,,http://hdl.handle.net/1813/45157,,,,,2016-08-22,,Three Essays On The Application Of Discrete Choice Models With Discrete-Continuous Heterogeneity Distributions,1813/47,46309,
,,"Suh, Daniel",,,,,http://hdl.handle.net/1813/45160,,,,,2016-08-22,,Does Ses Affect The Development Of Children’S Spatial Language Abilities?,1813/47,46312,
,,"Kovacs, David",,,,,http://hdl.handle.net/1813/45166,,,,,2016-08-22,,"Explanation, Dependence, And Ontology: Essays In Meta-Metaphysics",1813/47,46318,
,,"Lieber, Danielle",,,,,http://hdl.handle.net/1813/45167,,,,,2016-08-22,,Pyspectrum: An Open Source Software For Hyperspectral Analysis,1813/47,46319,
,,"Soto van der Plas, Evelien",,,,,http://hdl.handle.net/1813/45176,,,,,2016-08-22,,A Poetics Of Transliterature,1813/47,46328,
,,"Stuparich, Eloisa",,,,,http://hdl.handle.net/1813/45184,,,,,2016-08-22,,Treading The Frontiers Of Hinduness: Yogi Naraharinath In 20Th Century Nepal,1813/47,46336,
,,"Fan, Fan",,,,,http://hdl.handle.net/1813/45186,,,,,2016-08-22,,Synthesis And Characterization Of Organic Radical Polymers,1813/47,46338,
,,"Loew, Fredrika",,,,,http://hdl.handle.net/1813/45187,,,,,2016-08-22,,Gods And Scholars: Religion And Cornell University’S Foundation Myth,1813/47,46339,
,,"Kremer, Hannah",,,,,http://hdl.handle.net/1813/45192,,,,,2016-08-22,,Facial Width-To-Height Ratio (Fwhr) And Judgments Of Creativity,1813/47,46344,
,,"Lutz, Holly",,,,,http://hdl.handle.net/1813/45195,,,,,2016-08-22,,"Ecology And Evolution Of Malarial Parasites
In Vertebrate Hosts",1813/47,46347,
,,"Park, Haeseen",,,,,http://hdl.handle.net/1813/45197,,,,,2016-08-22,,Maintaining High-Quality Leader-Member Relationships,1813/47,46349,
,,"Naveh-Benjamin, Ilil",,,,,http://hdl.handle.net/1813/45201,,,,,2016-08-22,,Half-Hearted Auditors: Bureaucratic Order And Disorder In Humanitarian Aid,1813/47,46353,
,,"Blessing, Jacob",,,,,http://hdl.handle.net/1813/45204,,,,,2016-08-22,,"Costs And Benefits Of Alternative Egg-Laying Strategies
In The Milkweed Leaf Beetle (Labidomera Clivicollis, Coleoptera: Chrysomelidae)",1813/47,46356,
,,"Das, Jishnu",,,,,http://hdl.handle.net/1813/45205,,,,,2016-08-22,,Using Protein Interactome Networks To Understand Human Disease And Evolution,1813/47,46357,
,,"Saathoff, Jonathan",,,,,http://hdl.handle.net/1813/45206,,,,,2016-08-22,,Molecular Modeling Of Solution-Processed Graphene Nanoribbons,1813/47,46358,
,,"Wankhammer, Johannes",,,,,http://hdl.handle.net/1813/45208,,,,,2016-08-22,,"Cultures Of Sense: Science, Aesthetics, And The Art Of Attention In The Eighteenth Century",1813/47,46360,
,,"Collins, Jack",,,,,http://hdl.handle.net/1813/45211,,,,,2016-08-22,,Top Partners And The Higgs Mass,1813/47,46363,
,,"Lee, Jaesun",,,,,http://hdl.handle.net/1813/45215,,,,,2016-08-22,,Relative Status And Economic Behaviors,1813/47,46367,
,,"Novotney, Jennifer",,,,,http://hdl.handle.net/1813/45219,,,,,2016-08-22,,Host-Guest Interaction In Porous Organic Polymers,1813/47,46371,
,,"Cassano, Jennifer",,,,,http://hdl.handle.net/1813/45222,,,,,2016-08-22,,Reciprocal Interactions Between Mesenchymal Stem Cell Regenerative Medicine Modalities And The Inflammatory Recipient Environment,1813/47,46374,
,,"Yan, Jin",,,,,http://hdl.handle.net/1813/45232,,,,,2016-08-22,,The Impact Of The Minimum Wage Changes On Wages In The Informal And Formal Sector: Evidence From Indonesia,1813/47,46384,
,,"Zhang, Jiyao",,,,,http://hdl.handle.net/1813/45234,,,,,2016-08-22,,Fatty Acid Desaturase 3 (Fads3) Influence On Long Chain Polyunsaturated Fatty Acid Biosynthesis,1813/47,46386,
,,"Camera, Katherine",,,,,http://hdl.handle.net/1813/45239,,,,,2016-08-22,,Transient Materials: Triggering Changes In Molecular Glass Photoresists And Thermally-Sensitive Polycarbonates,1813/47,46391,
,,"Wilkins, Katherine",,,,,http://hdl.handle.net/1813/45245,,,,,2016-08-22,,Improving The Specificity Of Tal Effector Binding Site Predictions,1813/47,46397,
,,"Feng, Kurtis",,,,,http://hdl.handle.net/1813/45246,,,,,2016-08-22,,"Biological Characterization Of Two Evolutionarily Related Pathogens, Equine And Canine H3N8 Influenza A Viruses",1813/47,46398,
,,"Matzen, Kevin",,,,,http://hdl.handle.net/1813/45247,,,,,2016-08-22,,Computer Vision For Spatio-Temporal Analysis Of Internet Photo Collections,1813/47,46399,
,,"Pueschel, Kristen",,,,,http://hdl.handle.net/1813/45251,,,,,2016-08-22,,On Residual Properties Of Groups And Dehn Functions For Mapping Tori Of Right Angled Artin Groups,1813/47,46403,
,,"Peng, Kuan-chuan",,,,,http://hdl.handle.net/1813/45252,,,,,2016-08-22,,Towards Solving Abstract Tasks Using Convolutional Neural Networks,1813/47,46404,
,,"Holeck, Kristen",,,,,http://hdl.handle.net/1813/45254,,,,,2016-08-22,,"Investigating Lake Ontario’S Lower Food Web: Spatial Variation And Temporal Trends In Water Clarity, Phosphorus, Silica, Chlorophyll-A And Zooplankton",1813/47,46406,
,,"Wilkinson, Lua",,,,,http://hdl.handle.net/1813/45268,,,,,2016-08-22,,The Role Of Self-Weighing In The Control Of Body Weight,1813/47,46420,
,,"Carlson, Maryn",,,,,http://hdl.handle.net/1813/45270,,,,,2016-08-22,,Temporal Genetic Dynamics And Mating Type Inheritance In An Experimental Biparental Field Population Of Phytophthora Capsici,1813/47,46422,
,,"Divvela, Mounica Jyothi",,,,,http://hdl.handle.net/1813/45272,,,,,2016-08-22,,Development Of Discretized Model For Centrifugal Spinning And Electrospinning Processes Of Viscoelastic Polymers,1813/47,46424,
,,"Gutierrez Ortiz, Maria del Mar",,,,,http://hdl.handle.net/1813/45273,,,,,2016-08-22,,Assessing Content And Language Integrated Learning: A Study Of The Second Language Acquisition Of English In Monolingual Andalusia (Spain),1813/47,46425,
,,"Martin, Mirinda",,,,,http://hdl.handle.net/1813/45278,,,,,2016-08-22,,Economics Of Gap Year Students,1813/47,46430,
,,"Soffietti, Molly",,,,,http://hdl.handle.net/1813/45279,,,,,2016-08-22,,History And Ahistory In The Rehabilitation Of Pittsburgh’S Market Square Historic District,1813/47,46431,
,,"Omotayo, Moshood",,,,,http://hdl.handle.net/1813/45282,,,,,2016-08-22,,Integrating Strategies For Prevention Of Pre-Eclampsia And Anemia In Pregnancy Into Primary Healthcare Delivery In Kenya,1813/47,46434,
,,"SoRelle, Mallory",,,,,http://hdl.handle.net/1813/45287,,,,,2016-08-22,,Democracy Declined: The Failed Politics Of Consumer Credit,1813/47,46439,
,,"Santiago, Michael",,,,,http://hdl.handle.net/1813/45288,,,,,2016-08-22,,Transport And	Thermodynamics Of Water In The Biosphere,1813/47,46440,
,,"Murage, Maureen",,,,,http://hdl.handle.net/1813/45295,,,,,2016-08-22,,A Quantitative Assessment Of Wind Power Integration In Kenya: A Case Study Of The Lake Turkana Wind Power Project,1813/47,46447,
,,"Allen, Nancy",,,,,http://hdl.handle.net/1813/45298,,,,,2016-08-22,,"Incorporation, Decontamination Performance, And Material Properties Of Molecular Polyoxometalates In Breathable Fibrous Substrates",1813/47,46450,
,,"Ricapito, Nicole",,,,,http://hdl.handle.net/1813/45299,,,,,2016-08-22,,"Synthesis, Characterization, And Evaluation Of Dihydroxyacetone Based Polymers For Use As Rapidly Degrading Functional Biomaterials",1813/47,46451,
,,"Stepankiw, Nicholas",,,,,http://hdl.handle.net/1813/45303,,,,,2016-08-22,,Genome-Wide Identification Of Splice Sites By Lariat Sequencing,1813/47,46455,
,,"Spini, Pietro Emilio",,,,,http://hdl.handle.net/1813/45311,,,,,2016-08-22,,The Effect Of Carbon Taxation On U.S. Crop Farm Costs,1813/47,46463,
,,"Song, Qingfang",,,,,http://hdl.handle.net/1813/45312,,,,,2016-08-22,,"Culture, Narratives About Interpersonal Experiences, And Psychosocial Adjustment",1813/47,46464,
,,"Kambarami, Rukundo",,,,,http://hdl.handle.net/1813/45317,,,,,2016-08-22,,"Community Health Worker Performance In Rural Zimbabwe: Perspectives, Drivers And Opportunities For Intervention",1813/47,46469,
,,"Schuster, Roseanne",,,,,http://hdl.handle.net/1813/45321,,,,,2016-08-22,,Performance-Based Incentives With Facility- And Community-Based Health Workers Improve Workplace Factors Key To Preventing Vertical Transmission Of Hiv In Rural Mozambique,1813/47,46473,
,,"Dreher, Ryan",,,,,http://hdl.handle.net/1813/45322,,,,,2016-08-22,,From The Port To The Ballroom: Counterpoints In Cuban Popular Dance,1813/47,46474,
,,"Paluch, Rebecca",,,,,http://hdl.handle.net/1813/45329,,,,,2016-08-22,,Work-Life Or Work-Work Benefits? The Paradox Of Work-Life Benefit Utilization,1813/47,46481,
,,"Coles, Ryan",,,,,http://hdl.handle.net/1813/45334,,,,,2016-08-22,,Religious Ethics And Variations In Entrepreneurship Across Social Groups,1813/47,46486,
,,"Tse, Rina",,,,,http://hdl.handle.net/1813/45336,,,,,2016-08-22,,Robotic Perception Of Terrain And Language From Probabilistic Beliefs,1813/47,46488,
,,"Chaudhuri, Reet",,,,,http://hdl.handle.net/1813/45337,,,,,2016-08-22,,Microfabricated Sample Holder For Cryogenic Small Angle X-Ray Scattering Experiments Of Biomolecule Solutions,1813/47,46489,
,,"Smith, Stephanie",,,,,http://hdl.handle.net/1813/45341,,,,,2016-08-22,,"""Con Vera Fide"" (With True Faith): Sicilian-American Farming, Culture, And Identity In Woolwich Township, New Jersey, 1920-2010.",1813/47,46493,
,,"Chuenchoksan, Sra",,,,,http://hdl.handle.net/1813/45343,,,,,2016-08-22,,The Impact Of	Using Alternative Estimation Techniques On The Analysis Of Microeconomic Behavior,1813/47,46495,
,,"Kiekel, Steven",,,,,http://hdl.handle.net/1813/45345,,,,,2016-08-22,,Carbon Nanosphere Electrodes For Lithium Sulfur Batteries,1813/47,46497,
,,"Daly, Sarah",,,,,http://hdl.handle.net/1813/45347,,,,,2016-08-22,,Acidification Of Food Waste During Storage After Grinding With Insinkerator® Technology,1813/47,46499,
,,"Guha, Shion",,,,,http://hdl.handle.net/1813/45348,,,,,2016-08-22,,Aspects Of Privacy In Location Based Social Networks,1813/47,46500,
,,"Han, Soo Yeon",,,,,http://hdl.handle.net/1813/45349,,,,,2016-08-22,,Exploring Collaborative Design Problem Solving In Different Seating Arrangements: Using Mixed Methods For Evaluating Student Perceptions And Performance,1813/47,46501,
,,"Schaming, Taza",,,,,http://hdl.handle.net/1813/45370,,,,,2016-08-22,,Clark’S Nutcrackers And Whitebark Pine: Resilience Of A Keystone Mutualism In An Altered Ecosystem,1813/47,46522,
,,"Lee, Tamara",,,,,http://hdl.handle.net/1813/45376,,,,,2016-08-22,,"Evolution Of A Revolution: Three Essays On Worker Involvement, Labor Education And Union Representation During Transformation In The Cuban Political Economy",1813/47,46528,
,,"Langlois, Timothy",,,,,http://hdl.handle.net/1813/45377,,,,,2016-08-22,,Audiovisual Physics-Based Simulation,1813/47,46529,
,,"Collins, Voula",,,,,http://hdl.handle.net/1813/45379,,,,,2016-08-22,,Crystal Branching For Non-Levi Subgroups And A Puzzle Formula For The Equivariant Cohomology Of The Cotangent Bundle On Projective Space,1813/47,46531,
,,"Nicholson, William",,,,,http://hdl.handle.net/1813/45382,,,,,2016-08-22,,Tools For Modeling Sparse Vector Autoregressions,1813/47,46534,
,,"Sun, Wenxiu",,,,,http://hdl.handle.net/1813/45385,,,,,2016-08-22,,The Role Of Dynamics In Modulating Tropospheric Ozone: From Synoptic To Interannual Time Scales,1813/47,46537,
,,"Feng, Xinzeng",,,,,http://hdl.handle.net/1813/45387,,,,,2016-08-22,,Measuring Cellular Forces In 3D Elastic Bio-Matrices,1813/47,46539,
,,"Motoaki, Yutaka",,,,,http://hdl.handle.net/1813/45396,,,,,2016-08-22,,Three Essays On Discrete Choice Modeling With Latent Constructs,1813/47,46548,
,,"Pan, Yijun",,,,,http://hdl.handle.net/1813/45398,,,,,2016-08-22,,Essays In Industrial Organization And Health Economics,1813/47,46550,
,,"Song, Young Hye",,,,,http://hdl.handle.net/1813/45399,,,,,2016-08-22,,Analyzing The Role Of The Mammary Tumor Microenvironment In The Pro-Angiogenic Behavior Of Adipose-Derived Stem Cells,1813/47,46551,
,,"Cheng, Ziang",,,,,http://hdl.handle.net/1813/45404,,,,,2016-08-22,,"Agricultural Credit Demand In Republican China, 1929-1933: An Econometric Assessment Of John L. Buck’S Household Survey Data",1813/47,46556,
